0.000000000000000000e+00,1.076200345586521105e-02
2.083333333333333218e-02,2.162053837035154968e-02
4.166666666666666435e-02,-8.090255067117713139e-02
6.250000000000000000e-02,9.314541932842182806e-03
8.333333333333332871e-02,-3.278841537352056301e-04
1.041666666666666574e-01,-5.621464757004288743e-02
1.250000000000000000e-01,8.650563202857976947e-03
1.458333333333333148e-01,-9.166854927716095239e-04
1.666666666666666574e-01,-7.850553766603251063e-04
1.875000000000000000e-01,-5.354832382189669143e-04
2.083333333333333148e-01,-8.273338379036643958e-05
2.291666666666666574e-01,-8.041009991606451468e-05
2.500000000000000000e-01,-1.046276208877114020e-04
2.708333333333333148e-01,-4.507161032677071966e-05
2.916666666666666297e-01,-5.156789697103800196e-05
3.125000000000000000e-01,-5.342710512719283343e-04
3.333333333333333148e-01,-1.426969699003877504e-04
3.541666666666666297e-01,1.611879124518239559e-03
3.750000000000000000e-01,6.960874201969694149e-03
3.958333333333333148e-01,1.785692546793533203e-02
4.166666666666666297e-01,2.984826428698025141e-02
4.375000000000000000e-01,1.771483178212383824e-02
4.583333333333333148e-01,4.163980046109072575e-03
4.791666666666666297e-01,1.828828540689513005e-02
5.000000000000000000e-01,2.036302120344438138e-02
5.208333333333332593e-01,-3.634924098727142228e-03
5.416666666666666297e-01,1.371096159290489253e-03
5.625000000000000000e-01,1.158621213990405213e-02
5.833333333333332593e-01,-3.599667881832999128e-02
6.041666666666666297e-01,-1.487132959028713945e-02
6.250000000000000000e-01,4.200211616241153467e-02
6.458333333333332593e-01,-4.730715996385369271e-02
6.666666666666666297e-01,-4.518263143900589501e-02
6.875000000000000000e-01,9.602527867411755902e-02
7.083333333333332593e-01,-5.522414739714845422e-02
7.291666666666666297e-01,-1.026713782958976057e-01
7.500000000000000000e-01,1.861970472382140085e-01
7.708333333333332593e-01,-3.296555349128792167e-02
7.916666666666666297e-01,-2.146599129682345841e-01
8.125000000000000000e-01,2.169431902517454935e-01
8.333333333333332593e-01,1.184205971241500677e-01
8.541666666666666297e-01,-3.621476481765465993e-01
8.750000000000000000e-01,1.466510426753384611e-01
8.958333333333332593e-01,3.864788426241665409e-01
9.166666666666666297e-01,-2.492467262331172495e-01
9.375000000000000000e-01,-3.064406222477507602e-01
9.583333333333332593e-01,5.284292049341522413e-01
9.791666666666666297e-01,-3.571681808467740832e-02
1.000000000000000000e+00,-6.724133792350169836e-01
1.020833333333333259e+00,9.315555401264405400e-02
1.041666666666666519e+00,8.546460508784842203e-01
1.062500000000000000e+00,5.287376958667250326e-02
1.083333333333333259e+00,-7.168760382680685606e-01
1.104166666666666519e+00,5.224197560374613247e-02
1.125000000000000000e+00,8.693817068134457315e-01
1.145833333333333259e+00,8.079431059810704419e-02
1.166666666666666519e+00,-7.285056217415886159e-01
1.187500000000000000e+00,1.144712250801166453e-02
1.208333333333333259e+00,8.021593364917021241e-01
1.229166666666666519e+00,3.114931045861996095e-02
1.250000000000000000e+00,-7.901828738539315999e-01
1.270833333333333259e+00,-2.666636640118541512e-02
1.291666666666666519e+00,8.204557317937495320e-01
1.312500000000000000e+00,5.863740003991338434e-02
1.333333333333333259e+00,-7.495715850856883300e-01
1.354166666666666519e+00,-2.170438683134309765e-02
1.375000000000000000e+00,7.840929291243001753e-01
1.395833333333333259e+00,2.736038517630065559e-02
1.416666666666666519e+00,-7.527383352648362447e-01
1.437500000000000000e+00,-2.823242679320070447e-02
1.458333333333333259e+00,7.606836960446712315e-01
1.479166666666666519e+00,1.182563583367859938e-02
1.500000000000000000e+00,-7.376991013513882756e-01
1.520833333333333259e+00,-1.085870217436338270e-02
1.541666666666666519e+00,7.287850862350384595e-01
1.562500000000000000e+00,-2.846003041105846232e-02
1.583333333333333259e+00,-7.831009395194239442e-01
1.604166666666666519e+00,-4.169632962634942097e-02
1.625000000000000000e+00,7.073384775882434194e-01
1.645833333333333259e+00,-6.191412789883193879e-02
1.666666666666666519e+00,-8.295504781271645367e-01
1.687500000000000000e+00,-8.407258762171582189e-02
1.708333333333333259e+00,6.622945119575489592e-01
1.729166666666666519e+00,-1.037987611220987094e-01
1.750000000000000000e+00,-8.740763790354375562e-01
1.770833333333333259e+00,-1.314945468315035504e-01
1.791666666666666519e+00,6.177799015363084623e-01
1.812500000000000000e+00,-7.140371237356976652e-02
1.833333333333333259e+00,-5.621653074617891654e-01
1.854166666666666519e+00,1.766930868146565359e-01
1.875000000000000000e+00,8.961112018856229877e-01
1.895833333333333259e+00,1.379688865200515979e-01
1.916666666666666519e+00,-6.372849775360230895e-01
1.937500000000000000e+00,1.063188198780417315e-01
1.958333333333333259e+00,6.971754662856547435e-01
1.979166666666666519e+00,-7.535324638988433188e-02
2.000000000000000000e+00,-8.337642538176922580e-01
2.020833333333333037e+00,-6.448442159812675656e-02
2.041666666666666519e+00,6.709123747109471125e-01
2.062500000000000000e+00,-1.037927067322218788e-01
2.083333333333333037e+00,-8.225523737141898772e-01
2.104166666666666519e+00,-6.794806121477772742e-02
2.125000000000000000e+00,6.675283065257611170e-01
2.145833333333333037e+00,-1.116465102455633240e-01
2.166666666666666519e+00,-6.193355219283577240e-01
2.187500000000000000e+00,1.487213987378205871e-01
2.208333333333333037e+00,8.844739922533325638e-01
2.229166666666666519e+00,1.114099137591569866e-01
2.250000000000000000e+00,-6.546182277703314067e-01
2.270833333333333037e+00,9.067240022892497642e-02
2.291666666666666519e+00,7.820307546624226669e-01
2.312500000000000000e+00,1.955361129263236131e-02
2.333333333333333037e+00,-7.554789688671419423e-01
2.354166666666666519e+00,-1.857161095392434458e-02
2.375000000000000000e+00,7.367368920504637764e-01
2.395833333333333037e+00,-1.499741130127391076e-02
2.416666666666666519e+00,-7.936752610524222540e-01
2.437500000000000000e+00,-5.435024909607683030e-02
2.458333333333333037e+00,6.953851739832678236e-01
2.479166666666666519e+00,-6.912555686473906280e-02
2.500000000000000000e+00,-8.372813236601788223e-01
2.520833333333333037e+00,-9.071610574272293004e-02
2.541666666666666519e+00,6.511488262581418551e-01
2.562500000000000000e+00,-1.217804487202412689e-01
2.583333333333333037e+00,-6.610468658186222646e-01
2.604166666666666519e+00,9.666062188244883835e-02
2.625000000000000000e+00,8.352906223994761570e-01
2.645833333333333037e+00,6.344937947132733846e-02
2.666666666666666519e+00,-7.034459095984668675e-01
2.687500000000000000e+00,3.937542827368015197e-02
2.708333333333333037e+00,7.898393412648927470e-01
2.729166666666666519e+00,3.521342920619977002e-02
2.750000000000000000e+00,-7.387604137843223340e-01
2.770833333333333037e+00,7.489388962063886490e-03
2.791666666666666519e+00,7.564371273054086853e-01
2.812500000000000000e+00,-4.987154662507126135e-03
2.833333333333333037e+00,-7.806290494060261764e-01
2.854166666666666519e+00,-4.466502483003120805e-02
2.875000000000000000e+00,7.111627003677941650e-01
2.895833333333333037e+00,-4.163536924241892367e-02
2.916666666666666519e+00,-8.219205467664427722e-01
2.937500000000000000e+00,-8.648925413610211721e-02
2.958333333333333037e+00,6.667374756585031648e-01
2.979166666666666519e+00,-9.344225018640747726e-02
3.000000000000000000e+00,-7.058835272019429175e-01
3.020833333333333037e+00,3.921491078814123843e-02
3.041666666666666519e+00,7.874584209526359624e-01
3.062500000000000000e+00,2.376393960380021597e-02
3.083333333333333037e+00,-7.474852367990749702e-01
3.104166666666666519e+00,-6.049332923990957678e-03
3.125000000000000000e+00,7.427902036419180565e-01
3.145833333333333037e+00,-1.906533030249621397e-02
3.166666666666666519e+00,-7.916879819684575770e-01
3.187500000000000000e+00,-3.290361100432875885e-02
3.208333333333333037e+00,7.232534248060296100e-01
3.229166666666666519e+00,-2.889230525268923766e-02
3.250000000000000000e+00,-7.481445058136474424e-01
3.270833333333333037e+00,-1.746562946681923245e-02
3.291666666666666519e+00,7.507920401973198210e-01
3.312500000000000000e+00,1.404701066764035833e-02
3.333333333333333037e+00,-7.792799182159835247e-01
3.354166666666666519e+00,-2.810116760772513045e-02
3.375000000000000000e+00,7.371132002522795545e-01
3.395833333333333037e+00,-9.238062388015000348e-03
3.416666666666666519e+00,-7.711004342116981602e-01
3.437500000000000000e+00,1.913681367638281339e-03
3.458333333333333037e+00,7.641065937106127359e-01
3.479166666666666519e+00,1.671320839147444337e-02
3.500000000000000000e+00,-7.632454956706931082e-01
3.520833333333333037e+00,6.208981659933221486e-03
3.541666666666666519e+00,7.578398117329234740e-01
3.562500000000000000e+00,1.795042691079193342e-02
3.583333333333333037e+00,-7.370688179047615307e-01
3.604166666666666519e+00,2.680937414621609172e-02
3.625000000000000000e+00,7.730240124779074185e-01
3.645833333333333037e+00,2.688799661517807249e-02
3.666666666666666519e+00,-7.414504471582601397e-01
3.687500000000000000e+00,3.431992680771331350e-02
3.708333333333333037e+00,7.815375914613251762e-01
3.729166666666666519e+00,2.918905374393071517e-02
3.750000000000000000e+00,-7.357916900550206529e-01
3.770833333333333037e+00,4.218828617442638151e-02
3.791666666666666519e+00,7.877355300770507718e-01
3.812500000000000000e+00,4.035365094417550647e-02
3.833333333333333037e+00,-7.177496504959652857e-01
3.854166666666666519e+00,4.379499727186619840e-02
3.875000000000000000e+00,7.920988651013542992e-01
3.895833333333333037e+00,5.141188808371380259e-02
3.916666666666666519e+00,-7.287153410636131312e-01
3.937500000000000000e+00,3.484901488235647715e-02
3.958333333333333037e+00,8.007898930419121708e-01
3.979166666666666519e+00,6.490741831239130177e-02
4.000000000000000000e+00,-7.133555146455770046e-01
4.020833333333333037e+00,4.637427302819510655e-02
4.041666666666666075e+00,7.823959410105110202e-01
4.062500000000000000e+00,4.437984012893428365e-02
4.083333333333333037e+00,-7.426694163541339710e-01
4.104166666666666075e+00,1.510787268601504474e-02
4.125000000000000000e+00,7.507053213350883825e-01
4.145833333333333037e+00,1.178739448862706540e+00
4.166666666666666075e+00,6.419476974158493388e-01
4.187500000000000000e+00,-8.473234476455658637e+00
4.208333333333333037e+00,-1.595363029639844221e+00
4.229166666666666075e+00,-2.294542591139644827e+01
4.250000000000000000e+00,1.702219121353920173e+00
4.270833333333333037e+00,8.772033174193265559e-01
4.291666666666666075e+00,2.640932941525713229e-01
4.312500000000000000e+00,-6.992215262252227115e-02
4.333333333333333037e+00,4.606505459181373219e+00
4.354166666666666075e+00,-9.372528284605818882e+00
4.375000000000000000e+00,-1.540810470477395722e+00
4.395833333333333037e+00,-5.285164506642246351e+00
4.416666666666666075e+00,-8.925759170203939163e+00
4.437500000000000000e+00,-5.650859136513301628e+00
4.458333333333333037e+00,-3.385820976450904407e+00
4.479166666666666075e+00,-5.753832075294901038e+00
4.500000000000000000e+00,-4.769104940938141191e+00
4.520833333333333037e+00,-3.669003034351870252e+00
4.541666666666666075e+00,-3.852161790921230899e+00
4.562500000000000000e+00,-4.594772867057047350e+00
4.583333333333333037e+00,-4.142973016799443187e+00
4.604166666666666075e+00,-3.394708626301187859e+00
4.625000000000000000e+00,-3.727898882458552166e+00
4.645833333333333037e+00,-4.453582310675525235e+00
4.666666666666666075e+00,-3.834621045976174258e+00
4.687500000000000000e+00,-3.545491668015635423e+00
4.708333333333333037e+00,-3.902324783361575289e+00
4.729166666666666075e+00,-4.004649265688007276e+00
4.750000000000000000e+00,-3.736958874255023488e+00
4.770833333333333037e+00,-3.647525483493001541e+00
4.791666666666666075e+00,-3.583126759785005611e+00
4.812500000000000000e+00,-3.043616405798299507e+00
4.833333333333333037e+00,-2.973544020627461482e+00
4.854166666666666075e+00,-3.109247720207991783e+00
4.875000000000000000e+00,-3.061331906840872197e+00
4.895833333333333037e+00,-2.536265355548678713e+00
4.916666666666666075e+00,-2.890016035036921505e+00
4.937500000000000000e+00,-2.714767873319946290e+00
4.958333333333333037e+00,-2.594508973196242518e+00
4.979166666666666075e+00,-2.446634719995709251e+00
5.000000000000000000e+00,-2.428925639794740743e+00
5.020833333333333037e+00,-2.239439373625938146e+00
5.041666666666666075e+00,-2.402659247057004066e+00
5.062500000000000000e+00,-2.242158610276422159e+00
5.083333333333333037e+00,-2.345941564629345777e+00
5.104166666666666075e+00,-2.155329193757750783e+00
5.125000000000000000e+00,-2.205719373802532246e+00
5.145833333333333037e+00,-2.490339088070483431e+00
5.166666666666666075e+00,-2.201850665599057510e+00
5.187500000000000000e+00,-2.222411598979179281e+00
5.208333333333333037e+00,-2.341027289676566259e+00
5.229166666666666075e+00,-2.030893279130661533e+00
5.250000000000000000e+00,-2.160926898386243522e+00
5.270833333333333037e+00,-2.463178694624136522e+00
5.291666666666666075e+00,-2.295904406858970237e+00
5.312500000000000000e+00,-2.196511602120170270e+00
5.333333333333333037e+00,-2.216917428807304802e+00
5.354166666666666075e+00,-2.082777180784233018e+00
5.375000000000000000e+00,-2.020620716537089301e+00
5.395833333333333037e+00,-2.103415042888125530e+00
5.416666666666666075e+00,-2.257356190391870410e+00
5.437500000000000000e+00,-2.243364569278429865e+00
5.458333333333333037e+00,-2.032526118313706220e+00
5.479166666666666075e+00,-1.984747008622533837e+00
5.500000000000000000e+00,-2.137784919255584892e+00
5.520833333333333037e+00,-2.243185124323891610e+00
5.541666666666666075e+00,-2.169618540535579676e+00
5.562500000000000000e+00,-2.040801232086694394e+00
5.583333333333333037e+00,-2.154837644014145237e+00
5.604166666666666075e+00,-2.243506896101251424e+00
5.625000000000000000e+00,-2.083462446601905604e+00
5.645833333333333037e+00,-2.076048936181609239e+00
5.666666666666666075e+00,-2.200585985875054273e+00
5.687500000000000000e+00,-2.243588426871939934e+00
5.708333333333333037e+00,-2.058080753946986974e+00
5.729166666666666075e+00,-2.072514786441289392e+00
5.750000000000000000e+00,-2.209244095017439236e+00
5.770833333333333037e+00,-2.277786184578419970e+00
5.791666666666666075e+00,-2.061885803558789032e+00
5.812500000000000000e+00,-2.091808189409838814e+00
5.833333333333333037e+00,-2.204036525952997039e+00
5.854166666666666075e+00,-2.244604511338020636e+00
5.875000000000000000e+00,-2.053960840136640709e+00
5.895833333333333037e+00,-2.131085864836164134e+00
5.916666666666666075e+00,-2.253709839665661629e+00
5.937500000000000000e+00,-2.240576905367900551e+00
5.958333333333333037e+00,-2.013665209573093140e+00
5.979166666666666075e+00,-2.111225394086487128e+00
6.000000000000000000e+00,-2.270701697690174825e+00
6.020833333333333037e+00,-2.279461834419763910e+00
6.041666666666666075e+00,-2.065891881474669844e+00
6.062500000000000000e+00,-2.123963739090346969e+00
6.083333333333333037e+00,-2.223167042464004428e+00
6.104166666666666075e+00,-2.209186680217032794e+00
6.125000000000000000e+00,-2.072082103034251777e+00
6.145833333333333037e+00,-2.217059724121734465e+00
6.166666666666666075e+00,-2.299540760018716767e+00
6.187500000000000000e+00,-2.174400572444572521e+00
6.208333333333333037e+00,-1.992482810611193589e+00
6.229166666666666075e+00,-2.154501871634010968e+00
6.250000000000000000e+00,-2.342008986060232001e+00
6.270833333333333037e+00,-2.273042420941166597e+00
6.291666666666666075e+00,-2.102102683341091183e+00
6.312500000000000000e+00,-2.130891182460175504e+00
6.333333333333333037e+00,-2.188694429488330151e+00
6.354166666666666075e+00,-2.133986334436341004e+00
6.375000000000000000e+00,-2.034593416992498849e+00
6.395833333333333037e+00,-2.153803495963512393e+00
6.416666666666666075e+00,-2.223112164986753125e+00
6.437500000000000000e+00,-2.109592048362140648e+00
6.458333333333333037e+00,-2.066657551794221170e+00
6.479166666666666075e+00,-2.163738686369375941e+00
6.500000000000000000e+00,-2.237180357917648799e+00
6.520833333333333037e+00,-2.093929435947519124e+00
6.541666666666666075e+00,-2.061895275746790102e+00
6.562500000000000000e+00,-2.200282928269716276e+00
6.583333333333333037e+00,-2.257097295631306455e+00
6.604166666666666075e+00,-2.064006441388551938e+00
6.625000000000000000e+00,-2.076841206782431115e+00
6.645833333333333037e+00,-2.194149848345343212e+00
6.666666666666666075e+00,-2.265399591996063666e+00
6.687500000000000000e+00,-2.066843662522009684e+00
6.708333333333333037e+00,-2.099960195054599410e+00
6.729166666666666075e+00,-2.218221900782965328e+00
6.750000000000000000e+00,-2.241922014112122330e+00
6.770833333333333037e+00,-2.036222878500660638e+00
6.791666666666666075e+00,-2.113017268003432036e+00
6.812500000000000000e+00,-2.255779675276537333e+00
6.833333333333333037e+00,-2.266745127690790174e+00
6.854166666666666075e+00,-2.037157800198571067e+00
6.875000000000000000e+00,-2.103849334454224618e+00
6.895833333333333037e+00,-2.238340467978215731e+00
6.916666666666666075e+00,-2.255535638767037110e+00
6.937500000000000000e+00,-2.069199133724649364e+00
6.958333333333333037e+00,-2.159140207414864676e+00
6.979166666666666075e+00,-2.251015915529601230e+00
7.000000000000000000e+00,-2.198912436731356834e+00
7.020833333333333037e+00,-2.025622109445821106e+00
7.041666666666666075e+00,-2.177922296533897573e+00
7.062500000000000000e+00,-2.318727292604320311e+00
7.083333333333333037e+00,-2.237817427666660031e+00
7.104166666666666075e+00,-2.036737861967094165e+00
7.125000000000000000e+00,-2.126966090399006415e+00
7.145833333333333037e+00,-2.261076968099519302e+00
7.166666666666666075e+00,-2.224145366826438153e+00
7.187500000000000000e+00,-2.129267683730517113e+00
7.208333333333333037e+00,-2.224422732561445848e+00
7.229166666666666075e+00,-2.245862478415175723e+00
7.250000000000000000e+00,-2.094406018491201227e+00
7.270833333333333037e+00,-2.044685605462773559e+00
7.291666666666666075e+00,-2.205335727954401470e+00
7.312500000000000000e+00,-2.261049444741290770e+00
7.333333333333333037e+00,-2.155777441351322210e+00
7.354166666666666075e+00,-2.061805466235672402e+00
7.375000000000000000e+00,-2.163107576147015543e+00
7.395833333333333037e+00,-2.264388659418593797e+00
7.416666666666666075e+00,-2.133835099756674403e+00
7.437500000000000000e+00,-2.038239253054316524e+00
7.458333333333333037e+00,-2.153979774900239619e+00
7.479166666666666075e+00,-2.278867320309045486e+00
7.500000000000000000e+00,-2.138226173547504771e+00
7.520833333333333037e+00,-2.085004858431892760e+00
7.541666666666666075e+00,-2.143182688314472450e+00
7.562500000000000000e+00,-2.194753484854483183e+00
7.583333333333333037e+00,-2.090662119358555504e+00
7.604166666666666075e+00,-2.120634638432940200e+00
7.625000000000000000e+00,-2.237177248667736595e+00
7.645833333333333037e+00,-2.212515093537398503e+00
7.666666666666666075e+00,-2.034746014526129354e+00
7.687500000000000000e+00,-2.054736444416323415e+00
7.708333333333333037e+00,-2.208777270505318135e+00
7.729166666666666075e+00,-2.232969195802794182e+00
7.750000000000000000e+00,-2.133556961581606792e+00
7.770833333333333037e+00,-2.121061626713125925e+00
7.791666666666666075e+00,-2.142994194633175642e+00
7.812500000000000000e+00,-2.067942742284565760e+00
7.833333333333333037e+00,-1.971772847692788933e+00
7.854166666666666075e+00,-2.108248377745594926e+00
7.875000000000000000e+00,-2.241153310778693175e+00
7.895833333333333037e+00,-2.186117360964419554e+00
7.916666666666666075e+00,-1.953048617251768260e+00
7.937500000000000000e+00,-1.978752872346535518e+00
7.958333333333333037e+00,-2.159982898362958093e+00
7.979166666666666075e+00,-2.256998527792664522e+00
8.000000000000000000e+00,-2.110432715600298881e+00
8.020833333333332149e+00,-2.056222606454581214e+00
8.041666666666666075e+00,-2.178793367292494398e+00
8.062500000000000000e+00,-2.236630191049681304e+00
8.083333333333332149e+00,-2.063326603967014616e+00
8.104166666666666075e+00,-2.065522522554876783e+00
8.125000000000000000e+00,-2.187918261360766170e+00
8.145833333333332149e+00,-2.276273564638127578e+00
8.166666666666666075e+00,-2.088723281957958200e+00
8.187500000000000000e+00,-2.065325693427231268e+00
8.208333333333332149e+00,-2.185379096865994075e+00
8.229166666666666075e+00,-2.240822404987873995e+00
8.250000000000000000e+00,-2.063122482240482114e+00
8.270833333333332149e+00,-2.126501707708006172e+00
8.291666666666666075e+00,-2.237060316096271873e+00
8.312500000000000000e+00,-2.241745938828444640e+00
8.333333333333332149e+00,-2.009060988036054596e+00
8.354166666666666075e+00,-2.086160188179190467e+00
8.375000000000000000e+00,-2.262939268247039504e+00
8.395833333333332149e+00,-2.300716225752255095e+00
8.416666666666666075e+00,-2.071120223034276009e+00
8.437500000000000000e+00,-1.942679024711386981e+00
8.458333333333332149e+00,-1.717083427210192026e+00
8.479166666666666075e+00,-2.003462282532766281e+01
8.500000000000000000e+00,-3.833316424407610867e+01
8.520833333333332149e+00,6.553343422891859404e+01
8.541666666666666075e+00,3.560422833654489949e+01
8.562500000000000000e+00,6.431499960154232554e+01
8.583333333333332149e+00,3.091610303504777590e+01
8.604166666666666075e+00,5.686432499622968351e+01
8.625000000000000000e+00,2.527506539008806641e+01
8.645833333333332149e+00,3.254296758709337212e+01
8.666666666666666075e+00,4.858521580805909679e+01
8.687500000000000000e+00,2.651321917472844092e+01
8.708333333333332149e+00,2.122605320463662082e+01
8.729166666666666075e+00,3.866935076837170726e+01
8.750000000000000000e+00,3.707146933042327674e+01
8.770833333333332149e+00,1.982913965067390194e+01
8.791666666666666075e+00,1.796613358852468423e+01
8.812500000000000000e+00,3.010067414381116180e+01
8.833333333333332149e+00,3.389457832220281830e+01
8.854166666666666075e+00,2.415667238135520023e+01
8.875000000000000000e+00,1.440851136133524335e+01
8.895833333333332149e+00,1.591421288000534950e+01
8.916666666666666075e+00,2.422285595310457751e+01
8.937500000000000000e+00,2.843187599399842824e+01
8.958333333333332149e+00,2.412629467603207445e+01
8.979166666666666075e+00,1.601904950516242820e+01
9.000000000000000000e+00,1.137006130325093878e+01
9.020833333333332149e+00,1.311594530313341522e+01
9.041666666666666075e+00,1.852254880330220743e+01
9.062500000000000000e+00,2.261148076201389046e+01
9.083333333333332149e+00,2.228112430855953363e+01
9.104166666666666075e+00,1.800556349484682173e+01
9.125000000000000000e+00,1.273046352766286482e+01
9.145833333333332149e+00,9.517648021836034644e+00
9.166666666666666075e+00,9.727218463764083722e+00
9.187500000000000000e+00,1.203876972484203023e+01
9.208333333333332149e+00,1.546805220596099062e+01
9.229166666666666075e+00,1.767107054976986547e+01
9.250000000000000000e+00,1.762705466458429626e+01
9.270833333333332149e+00,1.546951906761209905e+01
9.291666666666666075e+00,1.220863480049887606e+01
9.312500000000000000e+00,9.549280678319188809e+00
9.333333333333332149e+00,7.853729920218601279e+00
9.354166666666666075e+00,-6.600901386617091582e+00
9.375000000000000000e+00,8.011609791543264691e+00
9.395833333333332149e+00,1.295574521428175307e+00
9.416666666666666075e+00,-9.661979963589452103e-01
9.437500000000000000e+00,-1.198627577946673073e+00
9.458333333333332149e+00,-1.158660139568769010e+00
9.479166666666666075e+00,-1.226632045446341301e+00
9.500000000000000000e+00,-1.768869764601102901e+00
9.520833333333332149e+00,-2.465893733829487289e+00
9.541666666666666075e+00,-3.240237948844222782e+00
9.562500000000000000e+00,-3.936625091419804878e+00
9.583333333333332149e+00,-3.093009430341707500e+00
9.604166666666666075e+00,-2.241076666799997064e+00
9.625000000000000000e+00,-1.381389044263178656e+00
9.645833333333332149e+00,-1.571963908964375323e+00
9.666666666666666075e+00,-8.707083916475425456e-01
9.687500000000000000e+00,5.683253959782125220e-02
9.708333333333332149e+00,-1.164592952353338262e+00
9.729166666666666075e+00,-7.328953609187747187e-01
9.750000000000000000e+00,5.077557462643459418e-01
9.770833333333332149e+00,1.979414032320736316e+00
9.791666666666666075e+00,2.030105817094773446e+00
9.812500000000000000e+00,7.376779911823314606e-01
9.833333333333332149e+00,2.809794220603869519e-01
9.854166666666666075e+00,-8.747588202303392679e-02
9.875000000000000000e+00,-5.541382787518659425e-01
9.895833333333332149e+00,5.380690127469431872e-01
9.916666666666666075e+00,1.442687172794504979e+00
9.937500000000000000e+00,1.933529252822365763e+00
9.958333333333332149e+00,2.290253680816372039e+00
9.979166666666666075e+00,2.536077548260177394e+00
1.000000000000000000e+01,1.854156892967688819e+00
1.002083333333333215e+01,1.100330167557412420e+00
1.004166666666666607e+01,4.148430107705520786e-01
1.006250000000000000e+01,-1.819916088640958218e-01
1.008333333333333215e+01,-8.671148681103949540e-01
1.010416666666666607e+01,-1.656630195884988721e+00
1.012500000000000000e+01,-2.534817409700704349e+00
1.014583333333333215e+01,-3.513687960775903285e+00
1.016666666666666607e+01,-8.467612158577365378e+00
1.018750000000000000e+01,-8.782369202766872718e+00
1.020833333333333215e+01,-8.527228686768827615e+00
1.022916666666666607e+01,-4.700395973826282159e+00
1.025000000000000000e+01,-8.432898911861661517e-01
1.027083333333333215e+01,1.887872293868352536e+00
1.029166666666666607e+01,2.183766645275811769e+00
1.031250000000000000e+01,-3.244018167827605881e-01
1.033333333333333215e+01,-3.360445080320736633e+00
1.035416666666666607e+01,-5.823593249550521378e+00
1.037500000000000000e+01,-6.787368385534978898e+00
1.039583333333333215e+01,-6.006436171908925203e+00
1.041666666666666607e+01,-2.977947282954560571e+00
1.043750000000000000e+01,5.903452765404215707e-01
1.045833333333333215e+01,2.798540070831581517e+00
1.047916666666666607e+01,3.921858991844333620e+00
1.050000000000000000e+01,8.169549245744303079e-01
1.052083333333333215e+01,-1.763125694176878033e-01
1.054166666666666607e+01,-1.681018007319292629e+00
1.056250000000000000e+01,-3.516316878420924663e+00
1.058333333333333215e+01,-5.226552091526026622e+00
1.060416666666666607e+01,-6.364458055562782768e+00
1.062500000000000000e+01,-6.024908377863629205e+00
1.064583333333333215e+01,-4.677683930619744856e+00
1.066666666666666607e+01,-3.425611499865675924e+00
1.068750000000000000e+01,-1.216955566200469629e+00
1.070833333333333215e+01,1.408105996618853162e+00
1.072916666666666607e+01,3.791550349014555898e+00
1.075000000000000000e+01,7.794060379218482382e+00
1.077083333333333215e+01,7.320652010496045747e+00
1.079166666666666607e+01,6.346051296512404072e+00
1.081250000000000000e+01,5.605361511712738221e+00
1.083333333333333215e+01,-1.054196314326327766e+00
1.085416666666666607e+01,-6.428813180539475702e+00
1.087500000000000000e+01,-1.105591898551732655e+01
1.089583333333333215e+01,3.677783591823594822e+00
1.091666666666666607e+01,-2.518190191064428429e+00
1.093750000000000000e+01,1.334457334174603327e+00
1.095833333333333215e+01,-1.569048138635337430e+00
1.097916666666666607e+01,1.613125410218987588e+00
1.100000000000000000e+01,-1.638081419577099851e+00
1.102083333333333215e+01,4.388776816750604159e-01
1.104166666666666607e+01,-1.793074693233011052e-01
1.106250000000000000e+01,-1.965047314415930835e-01
1.108333333333333215e+01,-1.957380949684506266e-02
1.110416666666666607e+01,-2.461477294431065332e-01
1.112500000000000000e+01,-2.075662422040664423e-01
1.114583333333333215e+01,-1.747104309051381865e-01
1.116666666666666607e+01,-1.160024961112753467e-01
1.118750000000000000e+01,-1.053140726605217570e-01
1.120833333333333215e+01,-5.371061377762619687e-02
1.122916666666666607e+01,-3.189742638400839408e-02
1.125000000000000000e+01,-3.203290864906263580e-02
1.127083333333333215e+01,-1.536526175046980074e-02
1.129166666666666607e+01,-8.109250133154494514e-03
1.131250000000000000e+01,-1.552225502941732707e-03
1.133333333333333215e+01,-1.241268250522052988e-03
1.135416666666666607e+01,-9.974438503728825546e-04
1.137500000000000000e+01,-8.050028696756351921e-04
1.139583333333333215e+01,-1.029078989871688200e-03
1.141666666666666607e+01,-1.021238659927123631e-03
1.143750000000000000e+01,-1.071152917767418397e-03
1.145833333333333215e+01,-8.904399832371274895e-04
1.147916666666666607e+01,2.589939262631720169e-04
1.150000000000000000e+01,-1.720182085811110609e-04
1.152083333333333215e+01,1.376020935838086212e-03
1.154166666666666607e+01,1.300587154215075789e-03
1.156250000000000000e+01,-4.844710324922508506e-04
1.158333333333333215e+01,-5.499614815379807835e-04
1.160416666666666607e+01,-6.059846917007519641e-04
1.162500000000000000e+01,1.115141802234119461e-03
1.164583333333333215e+01,-6.142927297470188956e-04
1.166666666666666607e+01,-6.367981527117434759e-04
1.168750000000000000e+01,1.147295376946724050e-03
1.170833333333333215e+01,-6.252692832958346193e-04
1.172916666666666607e+01,-6.426214105395029047e-04
1.175000000000000000e+01,1.162716003669525457e-03
1.177083333333333215e+01,-6.264224773259317782e-04
1.179166666666666607e+01,-6.426009933760544902e-04
1.181250000000000000e+01,-5.890253994674691596e-04
1.183333333333333215e+01,1.360821308968532956e-03
1.185416666666666607e+01,-3.753210331313286473e-04
1.187500000000000000e+01,1.051919891489456159e-03
1.189583333333333215e+01,-4.031973535238795453e-04
1.191666666666666607e+01,-3.887850006931790198e-04
1.193750000000000000e+01,-3.628583794788521784e-04
1.195833333333333215e+01,-3.440780207544132108e-04
1.197916666666666607e+01,1.044346399668340773e-03
